date,open,high,low,close,volume,open_interest,log_return,histvol20,histvol60,histvol250
2024-04-29,5370.12,5384.75,5347.66,5377.17,1163440,1986530,,,,
2024-04-30,5378.74,5378.74,5276.88,5293.6,1675335,1976846,-0.01566366975487922,,,
2024-05-01,5275.84,5356.02,5263.04,5272.18,1955160,1978023,-0.004054604457989112,13.031143476494966,13.031143476494966,13.031143476494966
2024-05-02,5283.15,5341.65,5261.47,5319.19,1573131,1979101,0.008877096864665075,19.48805735380282,19.48805735380282,19.48805735380282
2024-05-03,5338.78,5397.81,5327.29,5385.27,1604172,1988309,0.012346412504797809,20.338804665034065,20.338804665034065,20.338804665034065
2024-05-06,5397.81,5440.64,5386.32,5439.33,1019307,2000830,0.009988442890925944,18.889583502159223,18.889583502159223,18.889583502159223
2024-05-07,5437.51,5460.49,5434.89,5446.91,1106457,1996321,0.0013925838903027339,16.905559987829022,16.905559987829022,16.905559987829022
2024-05-08,5444.82,5451.35,5420.79,5445.86,1013418,1998505,-0.00019278842815047002,15.49635511350473,15.49635511350473,15.49635511350473
2024-05-09,5442.21,5479.3,5427.32,5473.29,1094931,2020786,0.005024211170388943,14.459573280683172,14.459573280683172,14.459573280683172
2024-05-10,5475.12,5499.41,5466.76,5480.86,1112925,2016916,0.0013821248029396928,13.532865467840741,13.532865467840741,13.532865467840741
2024-05-13,5474.86,5499.41,5467.28,5480.08,922763,2024672,-0.00014232356008084444,12.809449848714507,12.809449848714507,12.809449848714507
2024-05-14,5476.16,5510.11,5450.04,5505.15,1252615,2044833,0.004564318366315136,12.219051594704286,12.219051594704286,12.219051594704286
2024-05-15,5504.11,5575.93,5501.76,5571.49,1391029,2096819,0.011978504894749102,12.492639961744551,12.492639961744551,12.492639961744551
2024-05-16,5569.92,5588.21,5553.21,5558.17,1207843,2092386,-0.0023936052601019686,12.190692574585121,12.190692574585121,12.190692574585121
2024-05-17,5556.08,5567.05,5543.02,5565.48,1052765,2083702,0.0013143169826975434,11.724102611371361,11.724102611371361,11.724102611371361
2024-05-20,5567.57,5587.42,5561.83,5570.19,1031456,2087494,0.0008459302908352058,11.316949228727855,11.316949228727855,11.316949228727855
2024-05-21,5570.19,5586.64,5560.52,5584.29,1011849,2101478,0.002528133540956564,10.933437323170951,10.933437323170951,10.933437323170951
2024-05-22,5582.46,5588.47,5544.07,5566.27,1257477,2095050,-0.0032321274783293466,10.803149188694759,10.803149188694759,10.803149188694759
2024-05-23,5577.76,5608.32,5509.33,5521.61,2012153,2099411,-0.008055686301417567,11.1396859035882,11.1396859035882,11.1396859035882
2024-05-24,5522.13,5567.57,5522.13,5559.48,1264244,2109535,0.006835094279665402,11.00056956685566,11.00056956685566,11.00056956685566
2024-05-28,5559.74,5577.76,5533.62,5562.87,1387872,2115324,0.0006095834252608277,10.714883087227028,10.714883087227028,10.714883087227028
2024-05-29,5561.83,5562.09,5503.85,5520.3,1445855,2113163,-0.007681955495841939,9.27780537524541,10.93733994955309,10.93733994955309
2024-05-30,5506.2,5512.99,5472.5,5487.91,1495148,2117363,-0.005884715766098797,9.459698525329499,10.943553112569896,10.943553112569896
2024-05-31,5485.3,5544.33,5438.29,5532.31,2452894,2070731,0.00805795895968326,9.384948645398815,10.949416912715304,10.949416912715304
2024-06-03,5536.49,5550.86,5481.38,5534.14,1785532,2074501,0.00033072936970394317,8.554377268758923,10.712763825861323,10.712763825861323
2024-06-04,5537.28,5549.81,5497.32,5541.19,1679093,2070424,0.0012730999351188174,7.925160946433431,10.487233142990263,10.487233142990263
2024-06-05,5542.24,5608.32,5539.63,5605.97,1450596,2114236,0.011622822182364687,8.789578870270711,10.775353046528172,10.775353046528172
2024-06-06,5607.8,5613.54,5584.29,5603.88,1228240,2111270,-0.000372886349811514,8.794245175665793,10.583326608539974,10.583326608539974
2024-06-07,5601.79,5626.34,5567.31,5595.26,1591439,2095039,-0.001539404222517326,8.746967409400717,10.426219250857066,10.426219250857066
2024-06-10,5590.82,5616.15,5576.98,5611.45,1185881,2113765,0.0028893424141868866,8.76970192945679,10.247502999612266,10.247502999612266
2024-06-11,5609.89,5627.12,5573.06,5624.77,1413433,2110089,0.0023709052046903324,8.764915341952884,10.07265239949278,10.07265239949278
2024-06-12,5625.29,5698.43,5620.59,5670.22,1899786,2057532,0.008047859326778652,9.020331447176037,10.07774914233112,10.07774914233112
2024-06-13,5679.36,5696.6,5650.37,5681.71,1682858,1870220,0.0020243260703219613,8.131587071356519,9.91426030798119,9.91426030798119
2024-06-14,5681.72,5688.95,5642.22,5683.27,1064929,785023,0.0002745275415879743,8.039425582736135,9.766310144472875,9.766310144472875
2024-06-17,5680.95,5743.96,5670.36,5728.72,2126072,1554925,0.007965348778684309,8.400089016799402,9.768350902067544,9.768350902067544
2024-06-18,5730.53,5745.76,5723.82,5742.67,1561429,1884252,0.0024321388910211335,8.40394345738221,9.624839744658292,9.624839744658292
2024-06-20,5744.73,5771.85,5707.29,5726.91,1811776,1976987,-0.002748140719826966,8.528168518717514,9.565010651010633,9.565010651010633
2024-06-21,5727.43,5733.37,5700.58,5716.33,1392213,1977507,-0.0018491271728387037,8.445255145155269,9.477895242106413,9.477895242106413
2024-06-24,5720.72,5741.37,5691.54,5698.51,1410359,1974627,-0.003122253921469712,7.880751640152106,9.429470496552574,9.429470496552574
2024-06-25,5697.48,5722.01,5692.31,5719.17,1141183,1965288,0.00361895280798767,7.676166206266534,9.31974808109506,9.31974808109506
2024-06-26,5717.1,5734.4,5697.73,5725.88,1197372,1974729,0.0011725594503818083,7.670921801557255,9.2000596102585,9.2000596102585
2024-06-27,5715.04,5737.76,5697.22,5728.46,1257121,1980054,0.00045048427820906014,6.891239300263656,9.088576324302561,9.088576324302561
2024-06-28,5730.79,5768.75,5692.05,5703.16,1855777,2003581,-0.004426326506168982,6.690639649922902,9.09537678475204,9.09537678475204
2024-07-01,5716.33,5723.3,5685.6,5715.81,1432355,2018333,0.002215612296877605,6.289571508208507,8.988607673989533,8.988607673989533
2024-07-02,5715.55,5752.99,5683.79,5751.96,1315097,2024110,0.006304646804477563,6.480280398912681,8.960047296970924,8.960047296970924
2024-07-03,5746.8,5779.85,5742.67,5774.17,808966,2036985,0.0038538568433573927,6.510251805913167,8.87467848502952,8.87467848502952
2024-07-05,5774.94,5811.1,5768.75,5806.45,1233173,2041590,0.0055748454922455145,5.625774477533994,8.825116176942121,8.825116176942121
2024-07-08,5796.63,5822.97,5795.34,5810.32,981186,2033591,0.0006662781725326751,5.585546642528121,8.73175587806782,8.73175587806782
2024-07-09,5812.9,5831.5,5811.35,5816.52,1063568,2033744,0.0010664979629316997,5.453393643337987,8.639394223097543,8.639394223097543
2024-07-10,5817.03,5877.72,5816.0,5875.14,1200224,2052485,0.010027744770819655,6.161116971594749,8.758173728117999,8.758173728117999
2024-07-11,5871.26,5895.53,5815.23,5825.3,1970766,2044033,-0.008519389262034863,7.258546391030421,8.973019569148796,8.973019569148796
2024-07-12,5824.01,5896.05,5806.19,5851.12,1684437,2062658,0.004422595638936008,6.9489272275076095,8.904952277168839,8.904952277168839
2024-07-15,5867.9,5906.9,5851.89,5869.97,1701349,2068676,0.0032164271839739186,6.972104000822806,8.823903067808587,8.823903067808587
2024-07-16,5875.91,5909.48,5859.64,5905.35,1485113,2072793,0.006009196601971026,7.119844897040968,8.78933844304821,8.78933844304821
2024-07-17,5903.02,5905.86,5817.03,5824.52,2059862,2065927,-0.013782127073439607,8.682751323192162,9.331611456418132,9.331611456418132
2024-07-18,5829.69,5850.35,5753.51,5778.56,2528379,2057913,-0.007922075926015805,9.19217314201007,9.461320840060983,9.461320840060983
2024-07-19,5786.82,5791.99,5724.33,5736.47,2106581,2056825,-0.007310478123195959,9.530035749548535,9.55155865507275,9.55155865507275
2024-07-22,5747.57,5800.77,5736.21,5795.34,1671918,2042242,0.010210107765231643,10.147081258199465,9.65547202325396,9.65547202325396
2024-07-23,5792.24,5814.97,5771.59,5783.47,1385653,2027810,-0.0020502977694909818,10.100745658699847,9.596056312842105,9.596056312842105
2024-07-24,5768.75,5768.75,5641.7,5652.03,2178690,2019043,-0.022989075905646614,13.07329771272531,10.751904742887431,10.751904742887431
2024-07-25,5662.87,5715.29,5611.23,5620.27,2888086,2006381,-0.005635067207608277,13.174474271851766,10.742796929147575,10.742796929147575
2024-07-26,5625.17,5710.13,5624.4,5679.92,1977698,1989099,0.010557442670617761,13.789164228463695,10.370573610833048,10.838283177694677
2024-07-29,5677.33,5716.59,5661.32,5684.05,1697647,1997951,0.000726858691431051,13.711967813350242,10.313748166883894,10.749133026755626
2024-07-30,5685.6,5709.35,5611.75,5652.55,2053956,2022330,-0.005557236043875361,13.810008844127433,10.282224880084726,10.739906999298759
2024-07-31,5634.21,5772.36,5630.85,5740.86,2156505,2035549,0.015502254118299422,14.768719597138908,10.449771230920794,11.046911118088438
2024-08-01,5758.16,5785.01,5623.88,5660.55,2751690,2019142,-0.014087964253721642,15.487874783584571,10.732782137302186,11.356919181212913
2024-08-02,5644.02,5653.32,5507.16,5552.87,3239738,2005975,-0.019206149422483585,16.55513570641365,11.477466946384741,11.927378854581997
2024-08-05,5505.36,5521.37,5288.45,5389.16,3436090,2028644,-0.029925382596380775,19.195433059695574,13.04479267079422,13.224788083891417
2024-08-06,5422.72,5517.75,5393.55,5439.51,2172067,1993269,0.009299454661476225,19.68630879948329,13.146591310757605,13.246381239241261
2024-08-07,5413.95,5535.57,5367.72,5399.48,2247229,1985413,-0.007386330644429293,19.077767995106427,13.226848516613954,13.22767091828804
2024-08-08,5379.6,5537.38,5352.49,5524.21,1912347,1976168,0.022837598117797467,21.26268355954939,14.04773256268135,13.824360202155898
2024-08-09,5524.21,5562.42,5494.51,5546.93,1412017,1967903,0.004104370804599819,21.248933008292514,14.041851496562035,13.743130796130467
2024-08-12,5540.73,5574.3,5523.69,5546.41,1219995,1969467,-9.374994372858975e-05,21.159621754347516,13.822867902859118,13.646367291956233
2024-08-13,5549.26,5640.93,5544.09,5638.6,1271171,1992271,0.016484936130389254,22.048430449926528,14.223276844714427,13.875680662989298
2024-08-14,5637.05,5668.3,5617.68,5657.19,1301826,1987000,0.0032914947575286087,21.70048977437739,14.23542535459156,13.788930654690121
2024-08-15,5661.58,5755.06,5651.77,5750.67,1440377,2016654,0.016389067256526113,22.44308212276787,14.61354106311597,13.994659940916499
2024-08-16,5751.7,5770.04,5718.65,5761.77,1183498,2017845,0.001928349409793595,22.296270789037905,14.610557485194283,13.902321622670913
2024-08-19,5767.71,5817.03,5748.35,5815.23,1010612,2020493,0.009235618898862171,22.240974579699895,14.696916159059567,13.892463331152918
2024-08-20,5814.71,5829.43,5792.24,5804.64,1020393,2003118,-0.001822740345976585,22.23810632308828,14.592928507100513,13.81139355542096
2024-08-21,5804.38,5841.31,5798.18,5827.11,1086814,2003299,0.0038635678983977976,20.50206405965409,14.55338072906709,13.732229478976251
2024-08-22,5827.62,5851.64,5766.42,5778.04,1409474,2004342,-0.008456640790593639,20.656645695026114,14.676100253816172,13.748249111159641
2024-08-23,5781.92,5848.54,5781.92,5838.47,1415472,2034186,0.010404251383617518,20.647692510728692,14.706488548017635,13.764544589717397
2024-08-26,5836.4,5855.51,5804.64,5822.46,1090361,2021539,-0.0027459233628437246,20.69892070694916,14.658319183738852,13.695203159499414
2024-08-27,5815.23,5835.37,5796.12,5830.46,1027658,2033034,0.001373046628113532,20.54432731051777,14.584406829901681,13.611620611153775
2024-08-28,5829.43,5836.4,5759.45,5794.83,1381099,2015846,-0.0061297587523799265,20.02415333520824,14.654630610966601,13.585225232549188
2024-08-29,5764.1,5850.09,5744.22,5794.57,1571688,2015351,-4.4868586819680554e-05,19.276744423808783,14.655176324433498,13.505079095653286
2024-08-30,5803.35,5851.38,5778.3,5847.25,1558874,2037176,0.00905019310843655,17.873643109901824,14.582923632229768,13.498061014948254
2024-09-03,5842.34,5856.28,5698.25,5724.07,1910577,2021676,-0.021291374419095687,15.95013741112499,15.263075793748762,13.944149950972426
2024-09-04,5720.72,5748.09,5687.92,5711.94,1749591,2020412,-0.002121370049337654,15.868250921299264,15.266624371156242,13.872106802752537
2024-09-05,5709.35,5740.08,5670.62,5693.6,1737210,2018095,-0.0032159837775086104,15.592261605857964,15.274418593027772,13.80868410920402
2024-09-06,5694.38,5714.52,5571.46,5597.8,2377532,2026223,-0.016969073593261996,15.153546850609779,15.668457120362467,14.04357349223889
2024-09-09,5587.99,5673.72,5583.08,5659.78,1611701,2053024,0.011011358792049545,15.55469733175586,15.745698673844736,14.07555827302311
2024-09-10,5668.81,5687.15,5627.5,5685.08,1525620,2025918,0.004460177021389192,15.595894030451213,15.767176034558952,14.012859302777603
2024-09-11,5680.18,5750.67,5590.05,5744.22,2309139,1960075,0.010348932625018471,14.938332300861406,15.908938511078563,14.028486226215293
2024-09-12,5740.86,5791.47,5722.52,5786.56,1726434,1874417,0.007343855366358472,15.091839074832937,15.896449398282783,13.995074000711947
2024-09-13,5782.69,5827.11,5781.4,5814.97,1706322,1536786,0.0048976396714747,14.067352758018517,15.919465564811347,13.936573462883128
2024-09-16,5814.96,5834.14,5800.13,5830.56,1740015,1389650,0.002677423751980908,14.079552886745002,15.915256729367227,13.866281188314042
2024-09-17,5825.45,5869.18,5808.57,5831.58,1773538,1801262,0.00017492501420842421,13.704257304901008,15.908992897071151,13.794292510842249
2024-09-18,5832.35,5888.36,5806.01,5810.87,1735285,1925826,-0.0035576741740692606,13.750977568177515,15.913281401385246,13.741081011495657
2024-09-19,5824.17,5931.07,5822.12,5911.13,1739117,2012275,0.017106713016922938,14.985705176411512,16.26861609786083,13.916401799175821
2024-09-20,5909.08,5909.85,5865.6,5894.76,1623655,1992237,-0.0027731938026296934,14.656497318183451,16.282260309795273,13.858590347334804
2024-09-23,5894.76,5917.77,5877.62,5909.85,1077941,2003596,0.002556629692885474,14.24766237243512,16.28779278430276,13.791549327361608
2024-09-24,5907.03,5927.75,5887.34,5925.45,1181221,2035369,0.0026361831190249044,14.207674587496893,16.260480615263624,13.72570861409107
2024-09-25,5925.7,5932.35,5900.89,5912.15,1043665,2027117,-0.0022470780557500166,14.248952250041519,16.26769775738208,13.66742255869093
2024-09-26,5916.75,5964.32,5911.38,5938.24,1360026,2044081,0.0044032377253106535,14.06915753761073,16.243682717072584,13.611712228211633
2024-09-27,5937.98,5955.63,5915.22,5924.68,1280272,2047404,-0.002286116049968822,14.118338879847078,16.238776650025137,13.555412051682907
2024-09-30,5917.26,5954.35,5888.87,5948.21,1502729,2075405,0.003963656836004017,13.851872325177583,16.220315537298195,13.498849445846542
2024-10-01,5940.79,5956.65,5865.09,5892.45,1947177,2067742,-0.009418463530473199,11.827269615489474,16.344493423238845,13.528962829703142
2024-10-02,5892.97,5906.27,5855.88,5892.97,1250353,2067013,8.824462774139873e-05,11.764626837550239,16.34359460403278,13.466104642310505
2024-10-03,5902.43,5905.75,5857.67,5881.97,1421429,2072277,-0.0018683752443619235,11.701622394085184,16.219977922578412,13.409979254543119
2024-10-04,5878.13,5938.49,5873.27,5933.63,1460645,2088487,0.008744427567193088,9.664014257387358,16.217672444866828,13.402059450130793
2024-10-07,5935.68,5941.82,5866.37,5877.11,1211368,2072634,-0.009571022892120066,10.127033097295872,16.319245684394645,13.433883873407805
2024-10-08,5885.04,5940.54,5857.16,5934.14,1172261,2110369,0.009656969957206985,10.464747264960085,16.425252597423427,13.439049464494579
2024-10-09,5932.86,5981.2,5913.94,5975.83,1113875,2137683,0.00700088585900991,10.180190264072735,16.441530906737768,13.410107641646068
2024-10-10,5970.46,5978.65,5945.4,5963.3,1116046,2121176,-0.0020989811820974497,10.071089619510513,16.18964517425155,13.358253267203205
2024-10-11,5965.35,6003.45,5950.0,5994.76,1028816,2128514,0.0052617351950158655,10.088175345611706,16.125781805985053,13.3151450411337
2024-10-14,5989.39,6054.86,5984.78,6044.38,919072,2168772,0.008243160387147707,10.362409942572823,16.11442984487441,13.300690602947233
2024-10-15,6050.51,6051.79,5984.78,5997.83,1365310,2153807,-0.0077311775599085706,10.893352128671232,16.089798910013748,13.305201453293918
2024-10-16,5996.04,6028.52,5988.11,6022.64,935721,2172231,0.004127964252707958,10.769834610269848,16.0966030453389,13.256441177277999
2024-10-17,6018.29,6063.81,6006.52,6022.64,1236083,2160836,0.0,9.130005600957494,15.324000910912911,13.200890614495203
2024-10-18,6023.92,6051.79,6011.64,6042.07,952612,2148439,0.0032209670681267195,9.054774302460824,15.266146778846112,13.14941693560319
2024-10-21,6047.7,6051.79,6000.13,6032.1,1063780,2157200,-0.0016514596474866158,9.096368495549994,15.151332125999078,13.099983243609062
2024-10-22,6036.7,6040.28,5996.29,6028.26,1033296,2152136,-0.0006367969330539755,9.093610692999517,15.154969194216653,13.04773162371199
2024-10-23,6022.89,6029.54,5934.66,5972.25,1468269,2135945,-0.009334671060993387,9.739863979573455,15.244074653878807,13.07705676706315
2024-10-24,5978.65,6005.24,5956.65,5983.76,1159448,2158740,0.001925392092472304,9.647630948444887,14.940143472961939,13.024686163445006
2024-10-25,5988.11,6036.7,5969.44,5980.69,1368245,2146261,-0.0005131869943669987,9.60302693335896,14.622243233243562,12.97353037030825
2024-10-28,5991.95,6020.08,5991.95,5996.55,1017440,2147226,0.0026483579305256145,9.55077647772373,14.010795763193826,12.924031916813075
2024-10-29,6002.18,6019.31,5972.0,6006.27,1195753,2130707,0.001619619743487925,8.82082159840734,12.409837080771892,12.873082498471378
2024-10-30,6018.54,6028.77,5974.81,5986.83,1347170,2132023,-0.003241866911092784,8.942665031386843,12.35245120531027,12.835281822880784
2024-10-31,5974.55,5978.65,5865.34,5870.72,1973513,2112663,-0.019584772785454136,11.48966849490896,12.968986613188594,13.09984877737252
2024-11-01,5874.3,5937.47,5864.58,5890.92,1592031,2100234,0.0034348985108966,11.095670073891474,12.184636964573325,13.054608335700083
2024-11-04,5874.04,5909.59,5856.14,5875.57,1333685,2131243,-0.002609105809436939,10.593051879860964,12.190933345031622,13.01240730120083
2024-11-05,5884.78,5957.42,5867.13,5946.16,1198797,2098958,0.011942556459593837,10.896501760756614,12.394384569210555,13.055774019377289
2024-11-06,5954.35,6104.48,5948.72,6095.53,2023257,2139008,0.024810082614322118,13.830832871855042,12.939487187781914,13.420856334522652
2024-11-07,6100.9,6151.54,6088.11,6142.08,1285585,2146575,0.007607731332596383,13.971609374008443,12.997982869258887,13.40151063909192
2024-11-08,6146.17,6179.67,6128.27,6164.07,1184512,2176421,0.003573826648483645,13.923729995336192,12.625535101868701,13.35606833606035
2024-11-11,6168.93,6192.72,6152.05,6170.72,1069929,2195542,0.0010782511326563164,13.686433265417847,12.624518819855691,13.30651255682469
2024-11-12,6168.16,6175.58,6124.68,6151.54,1407120,2190667,-0.0031130678121954985,13.389091690152089,12.539785825717912,13.2693015181187
2024-11-13,6150.77,6174.3,6129.8,6154.61,1445258,2212068,0.0004989375334587212,13.34808519845105,12.52698208418392,13.220945897246777
2024-11-14,6156.4,6164.07,6101.67,6115.99,1538927,2212308,-0.006294741499587195,13.600501354028255,12.59973652272608,13.209309385183898
2024-11-15,6109.59,6111.9,6012.15,6032.36,2008339,2184375,-0.01376834238750132,14.501446133276453,12.811769149513061,13.308542479544455
2024-11-18,6035.68,6069.7,6022.12,6056.4,1332326,2182341,0.003977253529693883,14.558097979228817,12.671160522873008,13.267637067968918
2024-11-19,6055.37,6084.53,5989.9,6075.58,1636346,2177319,0.003161893768280244,14.591510441601876,12.66215565529692,13.224111581725625
2024-11-20,6074.56,6095.02,6015.48,6074.56,1597257,2174613,-0.0001678993003201062,14.136867672515466,12.662643357666624,13.178171961497275
2024-11-21,6074.04,6122.89,6041.31,6108.06,1867101,2157239,0.005499651870809952,14.229581582352372,12.619596302453543,13.146393657880925
2024-11-22,6104.48,6131.59,6077.62,6124.94,1550734,2165281,0.00275974997359284,14.229992016642475,12.62393059728692,13.102997892063826
2024-11-25,6144.38,6179.16,6120.34,6144.89,1619917,2133701,0.0032518816610324556,14.239795476247524,12.52001327626834,13.06139853182445
2024-11-26,6151.8,6183.25,6113.94,6177.37,1336843,2158104,0.005271772422026544,14.312154456204828,11.67028450874729,13.029089321056908
2024-11-27,6180.95,6186.32,6138.5,6153.59,1157171,2143436,-0.003856963201501378,14.34027677826249,11.697217393048053,12.999799083545302
2024-11-29,6153.59,6199.62,6153.33,6190.93,847984,2133019,0.006049666391589079,12.080000872554928,11.70054424957636,12.973028272258535
2024-12-02,6190.93,6208.32,6175.07,6201.41,989033,2144818,0.0016913678124335068,12.080932721968638,11.056824196237196,12.929782472324383
2024-12-03,6203.71,6210.62,6186.83,6202.95,991961,2146965,0.00024829979263929193,11.960495947655799,10.88870543868598,12.88693064395858
2024-12-04,6206.78,6242.85,6202.69,6239.01,1142137,2160734,0.00579653060566731,11.522272299153727,10.907507236785571,12.85936258580522
2024-12-05,6235.68,6247.96,6221.62,6229.03,1118784,2130668,-0.0016008935055462552,7.979815781794961,10.76981441884463,12.821264872622331
2024-12-06,6225.71,6251.8,6215.99,6239.52,1167677,2128011,0.0016826339028982763,7.605676425793327,10.697501942312101,12.779629876993917
2024-12-09,6236.71,6246.43,6199.62,6205.5,1351194,2148027,-0.005467260758242823,7.83977898217133,10.757527402085302,12.764453219516495
2024-12-10,6204.99,6215.22,6178.91,6185.56,1350731,2134744,-0.0032184522086507873,7.93354303018203,10.78802649952157,12.73410152016038
2024-12-11,6192.21,6243.1,6184.79,6233.13,1271795,2124238,0.007661070960733314,8.266021235010646,10.872773766535609,12.722109635327076
2024-12-12,6227.76,6228.52,6195.02,6200.39,1565731,2030565,-0.005266421040993953,8.529933294416388,10.909681376432953,12.705735118093164
2024-12-13,6204.74,6225.45,6180.44,6195.02,1996354,1625312,-0.0008664498126248118,8.177714320861142,10.39155084130359,12.667418958742516
2024-12-16,6195.02,6233.71,6191.48,6223.85,1871975,1485196,0.004642942842702682,6.26166056042561,10.39433230945403,12.636299937971849
2024-12-17,6220.06,6222.58,6183.65,6196.79,1874532,1902280,-0.004357270287678574,6.52857533602045,10.443878714849516,12.61400025948026
2024-12-18,6196.29,6217.78,5973.54,6007.67,2604006,2064361,-0.030994429851937354,13.090227038947507,12.299352728119347,13.188252746829798
2024-12-19,6017.03,6073.41,5998.57,6001.35,2391121,2103014,-0.001052542269638101,13.090460809724364,12.291512362097844,13.149258984081294
2024-12-20,6011.97,6119.43,5932.58,6069.87,2340873,2113073,0.01135274411875862,13.607235229323958,12.472991719883009,13.175530015887372
2024-12-23,6069.87,6111.59,6032.7,6104.51,1406019,2073671,0.005690654223122842,13.734213705616114,12.507644571704828,13.149546651735001
2024-12-24,6106.28,6168.73,6098.44,6167.21,634201,2075377,0.01021870538175329,14.179653765359715,12.646583085262893,13.161240819715086
2024-12-26,6168.48,6176.82,6132.07,6164.43,911486,2076546,-0.0004508727220538574,14.05210013760084,12.475456613043487,13.122475817213369
2024-12-27,6161.14,6164.43,6050.65,6095.41,1641100,2056328,-0.011259645997438828,14.551087894183585,12.715700684021941,13.166485491056784
2024-12-30,6097.18,6104.76,5985.42,6026.38,1575134,2055319,-0.011389530130569902,14.828051671485253,12.94117094880039,13.210622653074063
2024-12-31,6022.59,6051.16,5984.41,6003.12,1382187,2050314,-0.0038671647180175245,14.808249970870971,12.851808392720551,13.183081609244828
2025-01-02,6016.77,6063.3,5941.43,5983.65,1826031,2068557,-0.0032485844181089295,14.801603982654838,12.711171120648942,13.152758309325641
2025-01-03,5988.2,6064.81,5978.34,6057.48,1206570,2061748,0.012263122354178702,15.407355442369036,12.803998621309962,13.18968676203307
2025-01-06,6062.54,6137.12,6048.63,6088.83,1547298,2048207,0.0051620730271582085,15.586089469372283,12.768655443540203,13.162346874046605
2025-01-07,6096.42,6114.12,6002.36,6021.83,1771767,2058863,-0.011064745201039842,15.933051474073196,12.971562660378371,13.200635919003192
2025-01-08,6023.09,6042.82,5984.16,6026.89,1764315,2047807,0.0008399232943373358,15.896480831297785,12.928906585307356,13.162667975856913
2025-01-09,6022.59,6024.61,5996.55,6012.22,113831,2047011,-0.002437058430521388,15.887435374349574,12.826072040432576,13.130209722304295
2025-01-10,6011.21,6026.89,5911.59,5932.83,2130067,2049564,-0.013292731130046557,16.03904010437724,13.016834231846468,13.197891223283348
2025-01-13,5931.06,5950.02,5874.93,5941.18,1755341,2041266,0.0014064332734092457,16.059556564824547,12.990271464766693,13.160945614414942
2025-01-14,5954.07,5985.67,5908.81,5949.01,1839961,2032447,0.0013170523148652677,16.10108570186183,12.994057964621856,13.12423169562567
2025-01-15,5958.37,6069.36,5946.23,6056.98,1657670,2042319,0.017986506869551343,17.472395625010442,13.502729955737317,13.2488684190188
2025-01-16,6056.47,6085.8,6029.42,6043.32,1566439,2035900,-0.0022577962203940965,17.44047422005583,13.506547418715384,13.216503970398986
2025-01-17,6038.01,6120.18,6035.74,6101.98,1417304,2018234,0.009659778866913873,13.845384040029973,13.648893370732889,13.2225594158753
2025-01-21,6100.72,6162.41,6062.54,6153.31,1725952,2023994,0.008376839741532284,14.082507255282426,13.602863157774314,13.216962237143848
2025-01-22,6163.17,6205.39,6156.09,6189.97,1249850,2053000,0.005940091741362791,13.693192737574183,13.645674660243703,13.19485943554794
2025-01-23,6189.46,6223.85,6170.75,6221.83,1136009,2058373,0.005133835539705647,13.66919024419613,13.67566505771369,13.1688299919789
2025-01-24,6217.78,6232.19,6191.48,6202.86,1254280,2044034,-0.003053599685856558,13.282193115529367,13.690151733228873,13.140802961332593
2025-01-27,6171.51,6174.54,6015.51,6115.38,2385614,2021959,-0.014203566530469844,14.245843235063449,14.018158329342192,13.220170709661843
2025-01-28,6128.28,6174.8,6091.87,6166.2,1585216,2014264,0.0082758553954617,13.955358677509322,14.092393369064446,13.214010320248743
2025-01-29,6159.88,6180.87,6110.83,6136.37,1552941,2005329,-0.0048494027603324585,13.393307669692433,13.507161087320489,13.194548197764359
2025-01-30,6137.38,6185.67,6125.24,6168.48,1606753,2029493,0.005219092128190674,13.352255814893068,13.527313219609486,13.169888636394273
2025-01-31,6175.3,6217.53,6126.51,6136.11,1866467,2022344,-0.005261463352269105,13.463032691946797,13.566454519486374,13.153157190245555
2025-02-03,6050.15,6130.8,6002.87,6090.6,2314824,2035480,-0.007444391856231054,13.139967008096148,13.463060446865537,13.151748255879635
2025-02-04,6137.88,6137.88,6054.95,6131.82,1333376,2051878,0.006745007334984607,13.229795714808088,12.541582561128346,13.13593693751911
2025-02-05,6111.34,6161.14,6088.58,6155.58,1216433,2051891,0.003867381156979299,12.5658782071471,12.469150361556194,13.106895595826987
2025-02-06,6159.37,6177.83,6138.89,6175.3,1179112,2065704,0.0031984768016093544,12.587314990982815,12.464838984091136,13.076163993394847
2025-02-07,6158.87,6192.75,6109.82,6118.16,1683475,2066945,-0.009296066605766373,13.07728562217288,12.60808657635833,13.091845388320115
2025-02-10,6084.28,6165.19,6082.26,6157.86,1005560,2071844,0.006467916865653505,12.081425018288504,12.66444088438373,13.074923947962677
2025-02-11,6154.57,6167.97,6126.51,6161.4,1017366,2074890,0.0005747098604032256,12.089184000747863,12.664573533222786,13.04170292159727
2025-02-12,6159.88,6167.21,6089.09,6141.68,1558395,2068220,-0.0032057040818681613,12.22002099166834,12.614527567760634,13.016103163376275
2025-02-13,6148.76,6207.67,6122.21,6204.89,1523953,2102028,0.010239370492134123,11.099704390461259,12.448055160876226,13.02773523655546
2025-02-14,6201.35,6216.52,6190.73,6201.6,1018370,2095276,-0.000530367586177938,11.04500272749294,12.428071499252468,12.995874268434793
2025-02-18,6207.92,6227.64,6187.69,6216.52,1200599,2092827,0.002402941375854574,10.607593927012665,12.42182594840852,12.96488541794218
2025-02-19,6213.48,6236.49,6198.82,6232.95,1078997,2104008,0.002639471325079755,10.263282662083569,12.429837081404056,12.934526019759595
2025-02-20,6223.6,6229.41,6172.02,6206.15,1405343,2098920,-0.004309000083183344,10.206331695138404,12.421473384665234,12.914765489632668
2025-02-21,6202.1,6212.22,6092.88,6097.43,1940563,2094877,-0.01767336496476632,11.80850729439679,12.941209818987948,13.043182723118033
2025-02-24,6109.31,6136.37,6062.54,6068.86,1797847,2094536,-0.004696592390343361,11.860509963775558,12.956444958561155,13.024578113527177
2025-02-25,6074.67,6084.28,5991.24,6037.76,2215332,2089877,-0.005137696303246339,10.93143920260328,12.94404133059072,13.008272964249695
2025-02-26,6049.9,6092.12,6012.98,6038.52,1901306,2079208,0.0001258665749723359,10.420810419483242,12.924079305762534,12.97690185897127
2025-02-27,6047.87,6082.76,5939.66,5942.95,2579895,2124176,-0.015953305718787582,11.633179442208899,13.24398636550913,13.07200709167844
2025-02-28,5949.77,6038.77,5914.37,6030.93,2784347,2097871,0.014695584612933063,12.798094820255606,13.606672397436556,13.133362858930598
2025-03-03,6035.23,6068.61,5887.83,5927.27,2610882,2128186,-0.01733749169133675,13.978844818245092,14.037789019704542,13.247024762137578
2025-03-04,5940.67,5950.78,5809.19,5855.21,3353551,2129425,-0.012231872824418961,14.337058157935948,14.163920865083831,13.28786081608765
2025-03-05,5898.19,5936.12,5816.02,5917.66,2284032,2105939,0.010609237298746566,14.709407554676043,14.363573077730052,13.30289764509273
2025-03-06,5911.09,5919.94,5784.92,5811.47,2553819,2115168,-0.01810754957589692,15.630317287049126,14.780803954656916,13.423541093942754
2025-03-07,5831.44,5856.73,5737.39,5841.56,2315005,2115535,0.005164333546871488,15.74679499170904,14.809790418896357,13.402225384870011
2025-03-10,5818.3,5823.1,5634.74,5684.55,2590102,2166955,-0.027245916060033275,17.877187387192187,15.751689165249822,13.7000550394977
2025-03-11,5685.81,5715.9,5596.81,5640.3,2623963,2158884,-0.00781471281198841,17.51762562968424,15.690306572346666,13.69595720045949
2025-03-12,5643.33,5739.41,5613.25,5668.36,2004740,2091047,0.004962578693947547,17.75024780610541,15.730033876851381,13.673873091720024
2025-03-13,5660.02,5686.82,5571.78,5590.24,2163776,2016540,-0.013877614222905994,18.07459573122487,15.93252408858477,13.726293788201078
2025-03-14,5590.25,5700.75,5589.5,5692.25,796171,692621,0.01808338050038328,19.11900279039134,16.392950061373604,13.828355016194797
2025-03-17,5678.75,5759.75,5651.5,5732.25,2103746,1484003,0.007002523252828951,19.49978793011732,16.47314237245178,13.815671190098463
2025-03-18,5731.5,5738.25,5650.75,5669.25,1866513,1878607,-0.011051289950707338,19.50462449675072,15.410350606318598,13.837232050644355
2025-03-19,5670.5,5770.5,5657.5,5729.75,1746831,2009402,0.010615065899120563,20.094216419017364,15.592003530013018,13.850029883153613
2025-03-20,5731.75,5765.25,5682.5,5712.75,1726750,2071429,-0.0029713808185091025,20.09894164759532,15.391303650514695,13.823256264787645
2025-03-21,5715.25,5723.75,5651.25,5718.25,1629871,2072811,0.0009622955864618931,19.515005712439223,15.33377001108304,13.792560715685982
2025-03-24,5740.0,5825.5,5739.0,5815.5,1404629,2086227,0.01686395227162441,20.758289851545968,15.601230157715001,13.872937198193444
2025-03-25,5813.0,5837.25,5802.25,5826.5,1078548,2064932,0.001889710234224405,20.773214882465783,15.611982555838166,13.843165464430985
2025-03-26,5831.0,5836.5,5743.0,5759.5,1483959,2070698,-0.011565811646756938,21.043685374730114,15.620750412112011,13.869365141063655
2025-03-27,5737.25,5779.75,5720.0,5739.25,1575855,2064619,-0.0035221256108803815,20.43285277770432,15.478628207578913,13.84472728669065
2025-03-28,5741.75,5747.75,5602.25,5623.0,1910914,2082053,-0.02046321046347901,20.49232862657366,15.983895600580333,13.984130874006903
2025-03-31,5590.0,5672.75,5533.75,5653.25,2229839,2091441,0.005365271710901697,20.038873603325655,16.03162754756567,13.964145655289153
2025-04-01,5644.25,5694.75,5600.25,5674.5,1871505,2100918,0.0037518527380901315,19.79695442344886,15.825652109748194,13.93875756601332
2025-04-02,5672.0,5773.25,5566.25,5712.25,2060456,2102311,0.0066305378274600715,19.520826423179123,15.853262085322378,13.924593737849111
2025-04-03,5550.5,5564.75,5415.25,5432.75,2470412,2168022,-0.05016754016880802,25.48610278447489,18.680217053716586,14.847458276953343
2025-04-04,5423.0,5435.0,5074.0,5110.25,3678162,2233965,-0.06119712471975905,32.46850995527939,22.294569289450962,16.115915356720336
2025-04-07,5007.0,5286.5,4832.0,5097.25,3673583,2296543,-0.00254714808300288,31.565418452943344,22.294514763518052,16.083392640993214
2025-04-08,5126.5,5305.25,4940.5,5020.25,2438061,2306548,-0.015221445354514591,31.747897618087507,22.336928387340553,16.123592019119947
2025-04-09,5006.25,5520.0,4871.75,5491.0,3096194,2248087,0.08963065503630356,46.40492511840393,29.28181303779266,18.560346640474044
2025-04-10,5502.5,5528.75,5146.75,5302.0,2524214,2182278,-0.03502628042990174,47.735821043082574,30.078790682534382,18.869018563013924
2025-04-11,5299.25,5418.25,5206.0,5391.25,1676708,0,0.016693161113081945,47.65823477526855,30.04338020790081,18.90758545581851
